<?xml version = "1.0" encoding = "utf-8"?>
<n:program xmlns:xsi="http://www.w3.org/2001/XMLSchema-instance"
   xsi:noNamespaceSchemaLocation="file:///C:/src/duda/Compiler/schema/ast.xsd">
  <mainclass>
    <name></name>
    <argsName></argsName>
    <mainStatement/>
  </mainclass>
  <classdecls>
    <classdecl>
      <name>class1</name>
      <fields>
        <field>
          <type>
            <int>
              <lineNumber>5</lineNumber>
            </int>
          </type>
          <name>index</name>
        </field>
        <field>
          <type>
            <int-array>
              <lineNumber>4</lineNumber>
            </int-array>
          </type>
          <name>arr</name>
        </field>
      </fields>
      <methoddecls>
        <methoddecl>
          <returnType>
            <int/>
          </returnType>
          <name>foo</name>
          <formals/>
          <vardecls>
            <vardecl>
              <type>
                <int>
                  <lineNumber>8</lineNumber>
                </int>
              </type>
              <name>index</name>
            </vardecl>
            <vardecl>
              <type>
                <int>
                  <lineNumber>9</lineNumber>
                </int>
              </type>
              <name>y</name>
            </vardecl>
          </vardecls>
          <body>
            <assign>
              <lv>index</lv>
              <rv>
                <int-literal>
                  <num>0</num>
                </int-literal>
              </rv>
            </assign>
            <assign-array>
              <lv>arr</lv>
              <index>
                <ref-id>
                  <id>index</id>
                </ref-id>
              </index>
              <rv>
                <int-literal>
                  <num>5</num>
                </int-literal>
              </rv>
            </assign-array>
            <assign>
              <lv>y</lv>
              <rv>
                <array-access>
                  <arrayExpr>
                    <ref-id>
                      <id>arr</id>
                    </ref-id>
                  </arrayExpr>
                  <indexExpr>
                    <int-literal>
                      <num>0</num>
                    </int-literal>
                  </indexExpr>
                </array-access>
              </rv>
            </assign>
          </body>
          <ret>
            <ref-id>
              <id>y</id>
            </ref-id>
          </ret>
        </methoddecl>
        <methoddecl>
          <returnType/>
          <name>bar</name>
          <formals>
            <formal>
              <type>
                <int>
                  <lineNumber>16</lineNumber>
                </int>
              </type>
              <name>index</name>
            </formal>
          </formals>
          <vardecls>
            <vardecl>
              <type>
                <int-array>
                  <lineNumber>17</lineNumber>
                </int-array>
              </type>
              <name>newArr</name>
            </vardecl>
          </vardecls>
          <body>
            <assign>
              <lv>newArr</lv>
              <rv>
                <new-int-array>
                  <lengthExpr>
                    <int-literal>
                      <num>3</num>
                    </int-literal>
                  </lengthExpr>
                </new-int-array>
              </rv>
            </assign>
            <assign>
              <lv>index</lv>
              <rv>
                <int-literal>
                  <num>0</num>
                </int-literal>
              </rv>
            </assign>
            <assign-array>
              <lv>newArr</lv>
              <index>
                <ref-id>
                  <id>index</id>
                </ref-id>
              </index>
              <rv>
                <int-literal>
                  <num>1</num>
                </int-literal>
              </rv>
            </assign-array>
            <assign>
              <lv>index</lv>
              <rv>
                <array-access>
                  <arrayExpr>
                    <ref-id>
                      <id>newArr</id>
                    </ref-id>
                  </arrayExpr>
                  <indexExpr>
                    <int-literal>
                      <num>1</num>
                    </int-literal>
                  </indexExpr>
                </array-access>
              </rv>
            </assign>
          </body>
          <ret/>
        </methoddecl>
        <methoddecl>
          <returnType>
            <int/>
          </returnType>
          <name>compute</name>
          <formals/>
          <vardecls>
            <vardecl>
              <type>
                <int>
                  <lineNumber>24</lineNumber>
                </int>
              </type>
              <name>x</name>
            </vardecl>
            <vardecl>
              <type>
                <int>
                  <lineNumber>25</lineNumber>
                </int>
              </type>
              <name>y</name>
            </vardecl>
          </vardecls>
          <body>
            <assign>
              <lv>x</lv>
              <rv>
                <add>
                  <e1>
                    <ref-id>
                      <id>x</id>
                    </ref-id>
                  </e1>
                  <e2>
                    <int-literal>
                      <num>1</num>
                    </int-literal>
                  </e2>
                </add>
              </rv>
            </assign>
            <assign>
              <lv>y</lv>
              <rv>
                <ref-id>
                  <id>x</id>
                </ref-id>
              </rv>
            </assign>
          </body>
          <ret>
            <add>
              <e1>
                <ref-id>
                  <id>x</id>
                </ref-id>
              </e1>
              <e2>
                <ref-id>
                  <id>y</id>
                </ref-id>
              </e2>
            </add>
          </ret>
        </methoddecl>
      </methoddecls>
    </classdecl>
  </classdecls>
</n:program>
