<?xml version="1.0" encoding="utf-8"?>
<n:program xmlns:xsi="http://www.w3.org/2001/XMLSchema-instance"
   xsi:noNamespaceSchemaLocation="file:///C:/src/duda/Compiler/schema/ast.xsd">
  <mainclass>
    <name>main</name>
    <argsName>args</argsName>
    <mainStatement/>
  </mainclass>
  <classdecls>
    <classdecl>
      <name>class1</name>
      <fields>
        <field>
          
          <type>
            <int-array>
              <lineNumber>4</lineNumber>
            </int-array>
          </type>
          <name/>
        </field>
        <field>
          <type>
            <int>
              <lineNumber>5</lineNumber>
            </int>
          </type>
          <name>index</name>
        </field>
      </fields>
      <methoddecls>
        <methoddecl>
          <returnType>
            <int>
              
            </int>
          </returnType>
          <name>foo</name>
          <formals/>
          <vardecls>
            <vardecl>
              <type>
                <int>
                  <lineNumber>8</lineNumber>
                </int>
              </type>
              <name>index</name>
            </vardecl>
          </vardecls>
          <body>
            <assign>
              <lv>index</lv>
              <rv>
                <int-literal>
                  <num>0</num>
                </int-literal>
              </rv>
            </assign>
            <assign-array>
              
              <index>
                <array-access>
                  <arrayExpr>
                    <ref-id>
                      <id>index</id>
                    </ref-id>
                  </arrayExpr>
                  <indexExpr/>
                </array-access>
              </index>
              <rv/>
            </assign-array>
          </body>
          <ret/>
        </methoddecl>
      </methoddecls>
    </classdecl>
  </classdecls>
</n:program>

